<PE_PROJECT_SETTINGS_DOCUMENTATION>
  <PE_product_version v="version 3.09 for Freescale HC(S)08/RS08/CFV1"/>
  <PE_core_version v="Processor Expert Version 0441"/>

  <CPU_Bean name="Cpu" type="MCF51CN128_80">
    <Enabled v="Y"/>

    <Properties>
      <Component_name v="Cpu"/>
      <CPU_type v="MCF51CN128CLK"/>
      <list name="Shared Internal properties" v="1">
      </list>
      <list name="Shared Clock settings" v="1">
        <group name="Clock settings">
          <group name="Internal clock">
            <Internal_oscillator_frequency__kHz_ v="32.768000000000"/>
            <Internal_ref__clock_for_peripherals v="Enabled"/>
            <boolgroup name="Initialize trim value" v="yes">
              <Trim_value_address v="1023"/>
              <Fine_trim_value_address v="1022"/>
            </boolgroup>
          </group>
          <boolgroup name="External clock" v="Disabled" />
          <group name="Low-power modes settings">
            <boolgroup name="STOP instruction enabled" v="no" />
            <boolgroup name="Force exit on interrupt" v="Enabled">
              <Wakeup_interrupt_level v="0"/>
            </boolgroup>
          </group>
        </group>
      </list>
      <list name="Shared Internal resource mapping" v="1">
        <group name="Internal resource mapping">
          <group name="Exception vector table">
            <Fetch_vectors_from_RAM v="no"/>
            <Address v="0"/>
            <Size v="1020"/>
          </group>
        </group>
      </list>
      <Initialization_priority v="minimal priority"/>
      <group name="Internal peripherals">
        <list name="Shared ADC settings" v="1">
          <group name="ADC">
            <Internal_bandgap_buffer v="Disabled"/>
          </group>
        </list>
        <list name="Shared BDM settings" v="1">
          <boolgroup name="BDM pin support" v="Enabled">
            <BDM_pin v="BKGD_MS_PTD6_RGPIO6"/>
            <BDM_pin_signal v=""/>
          </boolgroup>
        </list>
        <enumgroup name="CLKOUT" v="Disabled">
        </enumgroup>
        <enumgroup name="PHYCLK" v="Disabled">
        </enumgroup>
        <list name="SharedCPUConfigGrp" v="1">
          <group name="CPU configuration">
            <Interrupt_mask v="Disabled"/>
            <Interrupt_acknowledge__IACK_ v="Disabled"/>
            <Buffered_peripheral_bus_write v="Enabled"/>
            <Flash_speculation v="Enabled"/>
          </group>
        </list>
        <list name="Shared FLASH settings" v="1">
          <group name="FLASH">
            <enumgroup name="Security state" v="Disabled">
            </enumgroup>
            <enumgroup name="Protection" v="Disabled">
            </enumgroup>
          </group>
        </list>
        <list name="Included IO settings" v="1">
          <group name="I/O module">
            <list name="Shared Unused I/O" v="1">
              <enumgroup name="Initialize unused I/O pins" v="no initialization">
              </enumgroup>
            </list>
            <group name="PORT A">
              <Slew_rate_control_for_PTA0 v="no"/>
              <Slew_rate_control_for_PTA1 v="no"/>
              <Slew_rate_control_for_PTA2 v="no"/>
              <Slew_rate_control_for_PTA3 v="no"/>
              <Slew_rate_control_for_PTA4 v="no"/>
              <Slew_rate_control_for_PTA5 v="no"/>
              <Slew_rate_control_for_PTA6 v="no"/>
              <Slew_rate_control_for_PTA7 v="no"/>
              <Drive_strength_for_PTA0 v="High"/>
              <Drive_strength_for_PTA1 v="High"/>
              <Drive_strength_for_PTA2 v="High"/>
              <Drive_strength_for_PTA3 v="High"/>
              <Drive_strength_for_PTA4 v="High"/>
              <Drive_strength_for_PTA5 v="High"/>
              <Drive_strength_for_PTA6 v="High"/>
              <Drive_strength_for_PTA7 v="High"/>
              <Input_filter_for_PTA0 v="Disabled"/>
              <Input_filter_for_PTA1 v="Disabled"/>
              <Input_filter_for_PTA2 v="Disabled"/>
              <Input_filter_for_PTA3 v="Disabled"/>
              <Input_filter_for_PTA4 v="Disabled"/>
              <Input_filter_for_PTA5 v="Disabled"/>
              <Input_filter_for_PTA6 v="Disabled"/>
              <Input_filter_for_PTA7 v="Disabled"/>
            </group>
            <group name="PORT B">
              <Slew_rate_control_for_PTB0 v="no"/>
              <Slew_rate_control_for_PTB1 v="no"/>
              <Slew_rate_control_for_PTB2 v="no"/>
              <Slew_rate_control_for_PTB3 v="no"/>
              <Slew_rate_control_for_PTB4 v="no"/>
              <Slew_rate_control_for_PTB5 v="no"/>
              <Slew_rate_control_for_PTB6 v="no"/>
              <Slew_rate_control_for_PTB7 v="no"/>
              <Drive_strength_for_PTB0 v="High"/>
              <Drive_strength_for_PTB1 v="High"/>
              <Drive_strength_for_PTB2 v="High"/>
              <Drive_strength_for_PTB3 v="High"/>
              <Drive_strength_for_PTB4 v="High"/>
              <Drive_strength_for_PTB5 v="High"/>
              <Drive_strength_for_PTB6 v="High"/>
              <Drive_strength_for_PTB7 v="High"/>
              <Input_filter_for_PTB0 v="Disabled"/>
              <Input_filter_for_PTB1 v="Disabled"/>
              <Input_filter_for_PTB2 v="Disabled"/>
              <Input_filter_for_PTB3 v="Disabled"/>
              <Input_filter_for_PTB4 v="Disabled"/>
              <Input_filter_for_PTB5 v="Disabled"/>
              <Input_filter_for_PTB6 v="Disabled"/>
              <Input_filter_for_PTB7 v="Disabled"/>
            </group>
            <group name="PORT C">
              <Slew_rate_control_for_PTC0 v="no"/>
              <Slew_rate_control_for_PTC1 v="no"/>
              <Slew_rate_control_for_PTC2 v="no"/>
              <Slew_rate_control_for_RESET v="no"/>
              <Slew_rate_control_for_PTC4 v="no"/>
              <Slew_rate_control_for_PTC5 v="no"/>
              <Slew_rate_control_for_PTC6 v="no"/>
              <Slew_rate_control_for_PTC7 v="no"/>
              <Drive_strength_for_PTC0 v="High"/>
              <Drive_strength_for_PTC1 v="High"/>
              <Drive_strength_for_PTC2 v="High"/>
              <Drive_strength_for_RESET v="High"/>
              <Drive_strength_for_PTC4 v="High"/>
              <Drive_strength_for_PTC5 v="High"/>
              <Drive_strength_for_PTC6 v="High"/>
              <Drive_strength_for_PTC7 v="High"/>
              <Input_filter_for_PTC0 v="Disabled"/>
              <Input_filter_for_PTC1 v="Disabled"/>
              <Input_filter_for_PTC2 v="Disabled"/>
              <Input_filter_for_RESET v="Disabled"/>
              <Input_filter_for_PTC4 v="Disabled"/>
              <Input_filter_for_PTC5 v="Disabled"/>
              <Input_filter_for_PTC6 v="Disabled"/>
              <Input_filter_for_PTC7 v="Disabled"/>
            </group>
            <group name="PORT D">
              <Slew_rate_control_for_PTD0 v="no"/>
              <Slew_rate_control_for_PTD1 v="no"/>
              <Slew_rate_control_for_PTD2 v="no"/>
              <Slew_rate_control_for_PTD3 v="no"/>
              <Slew_rate_control_for_PTD4 v="no"/>
              <Slew_rate_control_for_PTD5 v="no"/>
              <Slew_rate_control_for_BKGD v="no"/>
              <Slew_rate_control_for_PTD7 v="no"/>
              <Drive_strength_for_PTD0 v="High"/>
              <Drive_strength_for_PTD1 v="High"/>
              <Drive_strength_for_PTD2 v="High"/>
              <Drive_strength_for_PTD3 v="High"/>
              <Drive_strength_for_PTD4 v="High"/>
              <Drive_strength_for_PTD5 v="High"/>
              <Drive_strength_for_BKGD v="High"/>
              <Drive_strength_for_PTD7 v="High"/>
              <Input_filter_for_PTD0 v="Disabled"/>
              <Input_filter_for_PTD1 v="Disabled"/>
              <Input_filter_for_PTD2 v="Disabled"/>
              <Input_filter_for_PTD3 v="Disabled"/>
              <Input_filter_for_PTD4 v="Disabled"/>
              <Input_filter_for_PTD5 v="Disabled"/>
              <Input_filter_for_PTD7 v="Disabled"/>
            </group>
            <group name="PORT E">
              <Slew_rate_control_for_PTE0 v="no"/>
              <Slew_rate_control_for_PTE1 v="no"/>
              <Slew_rate_control_for_PTE2 v="no"/>
              <Slew_rate_control_for_PTE3 v="no"/>
              <Slew_rate_control_for_PTE4 v="no"/>
              <Slew_rate_control_for_PTE5 v="no"/>
              <Slew_rate_control_for_PTE6 v="no"/>
              <Slew_rate_control_for_PTE7 v="no"/>
              <Drive_strength_for_PTE0 v="High"/>
              <Drive_strength_for_PTE1 v="High"/>
              <Drive_strength_for_PTE2 v="High"/>
              <Drive_strength_for_PTE3 v="High"/>
              <Drive_strength_for_PTE4 v="High"/>
              <Drive_strength_for_PTE5 v="High"/>
              <Drive_strength_for_PTE6 v="High"/>
              <Drive_strength_for_PTE7 v="High"/>
              <Input_filter_for_PTE0 v="Disabled"/>
              <Input_filter_for_PTE1 v="Disabled"/>
              <Input_filter_for_PTE2 v="Disabled"/>
              <Input_filter_for_PTE3 v="Disabled"/>
              <Input_filter_for_PTE4 v="Disabled"/>
              <Input_filter_for_PTE5 v="Disabled"/>
              <Input_filter_for_PTE6 v="Disabled"/>
              <Input_filter_for_PTE7 v="Disabled"/>
            </group>
            <group name="PORT F">
              <Slew_rate_control_for_PTF0 v="no"/>
              <Slew_rate_control_for_PTF1 v="no"/>
              <Slew_rate_control_for_PTF2 v="no"/>
              <Slew_rate_control_for_PTF3 v="no"/>
              <Slew_rate_control_for_PTF4 v="no"/>
              <Slew_rate_control_for_PTF5 v="no"/>
              <Slew_rate_control_for_PTF6 v="no"/>
              <Slew_rate_control_for_PTF7 v="no"/>
              <Drive_strength_for_PTF0 v="High"/>
              <Drive_strength_for_PTF1 v="High"/>
              <Drive_strength_for_PTF2 v="High"/>
              <Drive_strength_for_PTF3 v="High"/>
              <Drive_strength_for_PTF4 v="High"/>
              <Drive_strength_for_PTF5 v="High"/>
              <Drive_strength_for_PTF6 v="High"/>
              <Drive_strength_for_PTF7 v="High"/>
              <Input_filter_for_PTF0 v="Disabled"/>
              <Input_filter_for_PTF1 v="Disabled"/>
              <Input_filter_for_PTF2 v="Disabled"/>
              <Input_filter_for_PTF3 v="Disabled"/>
              <Input_filter_for_PTF4 v="Disabled"/>
              <Input_filter_for_PTF5 v="Disabled"/>
              <Input_filter_for_PTF6 v="Disabled"/>
              <Input_filter_for_PTF7 v="Disabled"/>
            </group>
            <group name="PORT G">
              <Slew_rate_control_for_PTG0 v="no"/>
              <Slew_rate_control_for_PTG1 v="no"/>
              <Slew_rate_control_for_PTG2 v="no"/>
              <Slew_rate_control_for_PTG3 v="no"/>
              <Slew_rate_control_for_PTG4 v="no"/>
              <Slew_rate_control_for_PTG5 v="no"/>
              <Slew_rate_control_for_PTG6 v="no"/>
              <Slew_rate_control_for_PTG7 v="no"/>
              <Drive_strength_for_PTG0 v="High"/>
              <Drive_strength_for_PTG1 v="High"/>
              <Drive_strength_for_PTG2 v="High"/>
              <Drive_strength_for_PTG3 v="High"/>
              <Drive_strength_for_PTG4 v="High"/>
              <Drive_strength_for_PTG5 v="High"/>
              <Drive_strength_for_PTG6 v="High"/>
              <Drive_strength_for_PTG7 v="High"/>
              <Input_filter_for_PTG0 v="Disabled"/>
              <Input_filter_for_PTG1 v="Disabled"/>
              <Input_filter_for_PTG2 v="Disabled"/>
              <Input_filter_for_PTG3 v="Disabled"/>
              <Input_filter_for_PTG4 v="Disabled"/>
              <Input_filter_for_PTG5 v="Disabled"/>
              <Input_filter_for_PTG6 v="Disabled"/>
              <Input_filter_for_PTG7 v="Disabled"/>
            </group>
            <group name="PORT H">
              <Slew_rate_control_for_PTH0 v="no"/>
              <Slew_rate_control_for_PTH1 v="no"/>
              <Slew_rate_control_for_PTH2 v="no"/>
              <Slew_rate_control_for_PTH3 v="no"/>
              <Slew_rate_control_for_PTH4 v="no"/>
              <Slew_rate_control_for_PTH5 v="no"/>
              <Slew_rate_control_for_PTH6 v="no"/>
              <Slew_rate_control_for_PTH7 v="no"/>
              <Drive_strength_for_PTH0 v="High"/>
              <Drive_strength_for_PTH1 v="High"/>
              <Drive_strength_for_PTH2 v="High"/>
              <Drive_strength_for_PTH3 v="High"/>
              <Drive_strength_for_PTH4 v="High"/>
              <Drive_strength_for_PTH5 v="High"/>
              <Drive_strength_for_PTH6 v="High"/>
              <Drive_strength_for_PTH7 v="High"/>
              <Input_filter_for_PTH0 v="Disabled"/>
              <Input_filter_for_PTH1 v="Disabled"/>
              <Input_filter_for_PTH2 v="Disabled"/>
              <Input_filter_for_PTH3 v="Disabled"/>
              <Input_filter_for_PTH4 v="Disabled"/>
              <Input_filter_for_PTH5 v="Disabled"/>
              <Input_filter_for_PTH6 v="Disabled"/>
              <Input_filter_for_PTH7 v="Disabled"/>
            </group>
            <group name="PORT J">
              <Slew_rate_control_for_PTJ0 v="no"/>
              <Slew_rate_control_for_PTJ1 v="no"/>
              <Slew_rate_control_for_PTJ2 v="no"/>
              <Slew_rate_control_for_PTJ3 v="no"/>
              <Slew_rate_control_for_PTJ4 v="no"/>
              <Slew_rate_control_for_PTJ5 v="no"/>
              <Drive_strength_for_PTJ0 v="High"/>
              <Drive_strength_for_PTJ1 v="High"/>
              <Drive_strength_for_PTJ2 v="High"/>
              <Drive_strength_for_PTJ3 v="High"/>
              <Drive_strength_for_PTJ4 v="High"/>
              <Drive_strength_for_PTJ5 v="High"/>
              <Input_filter_for_PTJ0 v="Disabled"/>
              <Input_filter_for_PTJ1 v="Disabled"/>
              <Input_filter_for_PTJ2 v="Disabled"/>
              <Input_filter_for_PTJ3 v="Disabled"/>
              <Input_filter_for_PTJ4 v="Disabled"/>
              <Input_filter_for_PTJ5 v="Disabled"/>
            </group>
          </group>
        </list>
        <list name="SharedClockGatingGrp" v="1">
          <group name="System Clock Gating">
            <SCI1_Clock_Gate v="Enabled"/>
            <SCI2_Clock_Gate v="Enabled"/>
            <IIC1_Clock_Gate v="Enabled"/>
            <IIC2_Clock_Gate v="Enabled"/>
            <ADC_Clock_Gate v="Enabled"/>
            <TPM1_Clock_Gate v="Enabled"/>
            <TPM2_Clock_Gate v="Enabled"/>
            <MTIM1_Clock_Gate v="Enabled"/>
            <SPI1_Clock_Gate v="Enabled"/>
            <SPI2_Clock_Gate v="Enabled"/>
            <RTC_Clock_Gate v="Enabled"/>
            <KBI1_Clock_Gate v="Enabled"/>
            <KBI2_Clock_Gate v="Enabled"/>
            <IRQ_Clock_Gate v="Enabled"/>
            <FTSR_Clock_Gate v="Enabled"/>
            <SCI3_Clock_Gate v="Enabled"/>
            <PTA_Clock_Gate v="Enabled"/>
            <PTB_Clock_Gate v="Enabled"/>
            <PTC_Clock_Gate v="Enabled"/>
            <PTD_Clock_Gate v="Enabled"/>
            <PTE_Clock_Gate v="Enabled"/>
            <PTF_Clock_Gate v="Enabled"/>
            <PTG_Clock_Gate v="Enabled"/>
            <PTH_Clock_Gate v="Enabled"/>
            <PTJ_Clock_Gate v="Enabled"/>
            <FEC_Clock_Gate v="Enabled"/>
            <MiniBus_Clock_Gate v="Enabled"/>
            <Port_Mux v="Enabled"/>
            <MTIM2_Clock_Gate v="Enabled"/>
          </group>
        </list>
        <list name="Shared LVD settings" v="1">
          <boolgroup name="LVD module" v="Enabled">
            <LVD_operation v="Reset"/>
            <LVW_interrupt v="Disabled"/>
            <boolgroup name="LVD module interrupt" v="Disabled" />
            <Enable_in_stop_mode v="yes"/>
            <Wake_up_on_Interupt v="no"/>
            <Low_voltage_detect_voltage v="Low trip point"/>
            <Low_voltage_warning_voltage v="Low trip point"/>
          </boolgroup>
        </list>
        <list name="Shared TMP modules setting" v="1">
        </list>
        <list name="Shared Reset pin setting" v="1">
          <boolgroup name="Reset pin support" v="Enabled">
            <Reset_pin v="RESET_PTC3"/>
            <Reset_pin_signal v=""/>
          </boolgroup>
        </list>
      </group>
      <list name="Shared CPU interrupts/resets" v="1">
        <group name="CPU interrupts/resets">
          <group name="Instruction related exceptions">
            <Instruction_related_reset v="Enabled"/>
            <boolgroup name="Illegal Instruction Exception" v="Disabled" />
            <boolgroup name="Unimplemented Line-A Opcode" v="Disabled" />
            <boolgroup name="Unimplemented Line-F Opcode" v="Disabled" />
            <boolgroup name="Privilege Violation" v="Disabled" />
          </group>
          <group name="Address related exceptions">
            <Address_related_reset v="Enabled"/>
            <boolgroup name="Access Error Exception" v="Disabled" />
            <boolgroup name="Address Error Exception" v="Disabled" />
            <boolgroup name="RTE Format Error Exception" v="Disabled" />
          </group>
          <boolgroup name="Unsupported Instruction" v="Disabled" />
          <list name="Trap exceptions" v="16">
            <boolgroup name="Trap 0" v="Disabled" />
            <boolgroup name="Trap 1" v="Disabled" />
            <boolgroup name="Trap 2" v="Disabled" />
            <boolgroup name="Trap 3" v="Disabled" />
            <boolgroup name="Trap 4" v="Disabled" />
            <boolgroup name="Trap 5" v="Disabled" />
            <boolgroup name="Trap 6" v="Disabled" />
            <boolgroup name="Trap 7" v="Disabled" />
            <boolgroup name="Trap 8" v="Disabled" />
            <boolgroup name="Trap 9" v="Disabled" />
            <boolgroup name="Trap 10" v="Disabled" />
            <boolgroup name="Trap 11" v="Disabled" />
            <boolgroup name="Trap 12" v="Disabled" />
            <boolgroup name="Trap 13" v="Disabled" />
            <boolgroup name="Trap 14" v="Disabled" />
            <boolgroup name="Trap 15" v="Disabled" />
          </list>
          <list name="Software Interrupts" v="7">
            <boolgroup name="Software Interrupt Level 1" v="Disabled" />
            <boolgroup name="Software Interrupt Level 2" v="Disabled" />
            <boolgroup name="Software Interrupt Level 3" v="Disabled" />
            <boolgroup name="Software Interrupt Level 4" v="Disabled" />
            <boolgroup name="Software Interrupt Level 5" v="Disabled" />
            <boolgroup name="Software Interrupt Level 6" v="Disabled" />
            <boolgroup name="Software Interrupt Level 7" v="Disabled" />
          </list>
          <boolgroup name="Loss of lock" v="Disabled" />
        </group>
      </list>
      <list name="Shared External bus" v="1">
        <group name="External Bus">
          <group name="Chip selects">
            <boolgroup name="CS0" v="Disabled" />
            <boolgroup name="CS1" v="Disabled" />
          </group>
          <boolgroup name="Address pins" v="Disabled" />
          <boolgroup name="Data pins" v="Disabled" />
          <boolgroup name="Control pins" v="Disabled" />
          <list name="External memory" v="0">
          </list>
        </group>
      </list>
      <list name="Shared MCG speed mode settings" v="1">
        <group name="Enabled speed modes">
          <boolgroup name="High speed mode" v="Enabled">
            <High_speed_clock v="Internal Clock"/>
            <Bus_freq__divider v="Auto select"/>
            <Internal_bus_clock v="4.194304000000"/>
            <Fixed_frequency_clock__MHz_ v="0.016384"/>
            <Clock_monitor v="Disabled"/>
            <enumgroup name="FLL/PLL mode" v="FLL Engaged">
              <Loss_of_lock_interrupt v="Disabled"/>
              <enumgroup name="Ref. clock source" v="Internal Clock">
                <Ref__clock_freq___MHz_ v="0.032768000000"/>
              </enumgroup>
              <enumgroup name="DCO mode" v="Auto select">
              </enumgroup>
              <FLL_output_clock_freq___MHz_ v="16.777216000000"/>
            </enumgroup>
          </boolgroup>
          <boolgroup name="Low speed mode" v="Disabled" />
          <boolgroup name="Slow speed mode" v="Disabled" />
        </group>
      </list>
    </Properties>

    <Methods>
      <list name="SharedCpuMethods" v="1">
        <SetHighSpeed v="don&apos;t generate code"/>
        <SetLowSpeed v="don&apos;t generate code"/>
        <SetSlowSpeed v="don&apos;t generate code"/>
        <GetSpeedMode v="don&apos;t generate code"/>
        <EnableInt v="generate code"/>
        <DisableInt v="generate code"/>
        <SetILM v="don&apos;t generate code"/>
        <GetResetSource v="don&apos;t generate code"/>
        <SetWaitMode v="don&apos;t generate code"/>
        <SetStopMode v="don&apos;t generate code"/>
        <GetLowVoltageFlag v="don&apos;t generate code"/>
        <ClearLowVoltageFlag v="don&apos;t generate code"/>
        <GetLowVoltageWarningFlag v="don&apos;t generate code"/>
        <ClearLowVoltageWarningFlag v="don&apos;t generate code"/>
        <GetPartialPowerDownFlag v="don&apos;t generate code"/>
        <ClearPartialPowerDownFlag v="don&apos;t generate code"/>
        <GetIdentification v="don&apos;t generate code"/>
        <SetBackdoorKey v="don&apos;t generate code"/>
        <Delay100US v="don&apos;t generate code"/>
      </list>
    </Methods>

    <Events>
      <Event_module_name v="Events"/>
      <list name="ColdFireV1EvntGrp" v="1">
        <event name="OnAddrRelatedEXP" v="don&apos;t generate code" />
        <event name="OnInstrRelatedEXP" v="don&apos;t generate code" />
        <event name="OnTrapEXP" v="don&apos;t generate code" />
        <event name="OnUnsupportedInstEXP" v="don&apos;t generate code" />
        <event name="OnSwINT" v="don&apos;t generate code" />
      </list>
      <list name="CommonEventsGrp" v="1">
        <event name="OnReset" v="don&apos;t generate code" />
        <event name="OnLvdINT" v="don&apos;t generate code" />
        <event name="OnLvwINT" v="don&apos;t generate code" />
        <event name="OnLossOfLockINT" v="don&apos;t generate code" />
      </list>
    </Events>
    <Compiler v="CodeWarrior ColdFireV1 C Compiler"/>

    <CompilerProperties>
      <Compiler v="CodeWarrior ColdFireV1 C Compiler"/>
      <enumgroup name="Unhandled vectors" v="One handler for all">
        <Unhandled_int_code>
/* This code can be changed using the CPU bean property "Build Options / Unhandled int code" */
/* asm (HALT) */
        </Unhandled_int_code>
      </enumgroup>
      <Generate_macros v="yes"/>
      <FLASH_registers_initialization v="Enabled"/>
      <group name="User initialization">
        <User_data_declarations>
        </User_data_declarations>
        <User_code_before_PE_initialization>
        </User_code_before_PE_initialization>
        <User_code_after_PE_initialization>
        </User_code_after_PE_initialization>
      </group>
      <boolgroup name="Generate LCF file" v="yes">
        <Stack_size v="1024"/>
        <Heap_size v="1024"/>
        <group name="Memory segments">
          <Set_default_memory_segments v="Click to set default &gt;"/>
          <list name="ROM/RAM segments" v="2">
            <boolgroup name="Segment0" v="Enabled">
              <Name v="code"/>
              <group name="Access permissions">
                <Read v="yes"/>
                <Write v="no"/>
                <Execute v="yes"/>
              </group>
              <Address v="1040"/>
              <Size v="130032"/>
            </boolgroup>
            <boolgroup name="Segment1" v="Enabled">
              <Name v="userram"/>
              <group name="Access permissions">
                <Read v="yes"/>
                <Write v="yes"/>
                <Execute v="yes"/>
              </group>
              <Address v="8388608"/>
              <Size v="24576"/>
            </boolgroup>
          </list>
        </group>
      </boolgroup>
    </CompilerProperties>
  </CPU_Bean>

</PE_PROJECT_SETTINGS_DOCUMENTATION>
